experiment_name;fold;step;epoch;loss;accuracy;precision;recall;f1
basic_unbalanced_01_BERT;0;train;0.0;0.3769991740572266;0.9664;0.9513257209212309;0.9831;0.9669519032162881
basic_unbalanced_01_BERT;0;validate;0.0;0.0717807894911617;0.9758;0.9597989949748744;0.9932;0.9762138785138589
basic_unbalanced_01_BERT;0;train;1.0;0.19937654224161525;0.98225;0.977144553279905;0.9876;0.9823444571542249
basic_unbalanced_01_BERT;0;validate;1.0;0.08363541631698608;0.9736;0.954336147352264;0.9948;0.974148061104583
basic_unbalanced_01_BERT;0;train;2.0;0.10369222903579939;0.99125;0.9905142286570144;0.992;0.9912565575818136
basic_unbalanced_01_BERT;0;validate;2.0;0.14203524453035207;0.9736;0.956437933693138;0.9924;0.9740871613663132
basic_unbalanced_01_BERT;0;train;3.0;0.06509135173686081;0.99425;0.992624339679059;0.9959;0.9942594718714122
basic_unbalanced_01_BERT;0;validate;3.0;0.14623472354389086;0.9682;0.9760065067100447;0.96;0.9679370840895342
basic_unbalanced_01_BERT;0;test;;3.381736243434134;0.88524;0.8315774977621704;0.96616;0.893831180845946
